{
  "women-accommodation" : {
    "transaction" : "women-accommodation",
    "sampleCount" : 20,
    "errorCount" : 0,
    "errorPct" : 0.0,
    "meanResTime" : 560.25,
    "medianResTime" : 517.0,
    "minResTime" : 332.0,
    "maxResTime" : 1016.0,
    "pct1ResTime" : 913.1,
    "pct2ResTime" : 1010.9999999999999,
    "pct3ResTime" : 1016.0,
    "throughput" : 4.4903457566232605,
    "receivedKBytesPerSec" : 155.5220728558599,
    "sentKBytesPerSec" : 0.6621505949708127
  },
  "breast-cancer-solution" : {
    "transaction" : "breast-cancer-solution",
    "sampleCount" : 20,
    "errorCount" : 0,
    "errorPct" : 0.0,
    "meanResTime" : 512.25,
    "medianResTime" : 444.0,
    "minResTime" : 329.0,
    "maxResTime" : 867.0,
    "pct1ResTime" : 844.0000000000003,
    "pct2ResTime" : 866.65,
    "pct3ResTime" : 867.0,
    "throughput" : 3.622532149972831,
    "receivedKBytesPerSec" : 119.5329480619453,
    "sentKBytesPerSec" : 0.5447948741170078
  },
  "Automotive" : {
    "transaction" : "Automotive",
    "sampleCount" : 20,
    "errorCount" : 0,
    "errorPct" : 0.0,
    "meanResTime" : 456.05000000000007,
    "medianResTime" : 420.0,
    "minResTime" : 327.0,
    "maxResTime" : 767.0,
    "pct1ResTime" : 751.7,
    "pct2ResTime" : 766.25,
    "pct3ResTime" : 767.0,
    "throughput" : 11.019283746556475,
    "receivedKBytesPerSec" : 313.04881198347107,
    "sentKBytesPerSec" : 1.5388257575757576
  },
  "Real-state" : {
    "transaction" : "Real-state",
    "sampleCount" : 20,
    "errorCount" : 0,
    "errorPct" : 0.0,
    "meanResTime" : 445.9,
    "medianResTime" : 440.5,
    "minResTime" : 325.0,
    "maxResTime" : 770.0,
    "pct1ResTime" : 615.1000000000003,
    "pct2ResTime" : 762.8499999999999,
    "pct3ResTime" : 770.0,
    "throughput" : 10.840108401084011,
    "receivedKBytesPerSec" : 307.8633130081301,
    "sentKBytesPerSec" : 1.5138042005420054
  },
  "products" : {
    "transaction" : "products",
    "sampleCount" : 20,
    "errorCount" : 0,
    "errorPct" : 0.0,
    "meanResTime" : 530.1,
    "medianResTime" : 427.0,
    "minResTime" : 336.0,
    "maxResTime" : 1230.0,
    "pct1ResTime" : 944.1000000000004,
    "pct2ResTime" : 1216.4999999999998,
    "pct3ResTime" : 1230.0,
    "throughput" : 8.880994671403197,
    "receivedKBytesPerSec" : 313.45401309946715,
    "sentKBytesPerSec" : 1.1448157193605686
  },
  "Government-defense" : {
    "transaction" : "Government-defense",
    "sampleCount" : 20,
    "errorCount" : 0,
    "errorPct" : 0.0,
    "meanResTime" : 429.99999999999994,
    "medianResTime" : 452.0,
    "minResTime" : 322.0,
    "maxResTime" : 497.0,
    "pct1ResTime" : 487.9,
    "pct2ResTime" : 496.55,
    "pct3ResTime" : 497.0,
    "throughput" : 21.59827213822894,
    "receivedKBytesPerSec" : 621.4776255399568,
    "sentKBytesPerSec" : 3.184901457883369
  },
  "Tourism" : {
    "transaction" : "Tourism",
    "sampleCount" : 20,
    "errorCount" : 0,
    "errorPct" : 0.0,
    "meanResTime" : 513.6,
    "medianResTime" : 409.0,
    "minResTime" : 325.0,
    "maxResTime" : 1816.0,
    "pct1ResTime" : 1038.8000000000006,
    "pct2ResTime" : 1778.6999999999994,
    "pct3ResTime" : 1816.0,
    "throughput" : 9.713453132588635,
    "receivedKBytesPerSec" : 290.55935830500243,
    "sentKBytesPerSec" : 1.3280111704711024
  },
  "Rmg-sector" : {
    "transaction" : "Rmg-sector",
    "sampleCount" : 20,
    "errorCount" : 0,
    "errorPct" : 0.0,
    "meanResTime" : 492.3,
    "medianResTime" : 466.0,
    "minResTime" : 335.0,
    "maxResTime" : 902.0,
    "pct1ResTime" : 841.2000000000003,
    "pct2ResTime" : 899.5999999999999,
    "pct3ResTime" : 902.0,
    "throughput" : 12.8783000643915,
    "receivedKBytesPerSec" : 365.7613288795879,
    "sentKBytesPerSec" : 1.7984344816484226
  },
  "Retail" : {
    "transaction" : "Retail",
    "sampleCount" : 20,
    "errorCount" : 0,
    "errorPct" : 0.0,
    "meanResTime" : 413.15000000000003,
    "medianResTime" : 427.0,
    "minResTime" : 332.0,
    "maxResTime" : 471.0,
    "pct1ResTime" : 462.0,
    "pct2ResTime" : 470.6,
    "pct3ResTime" : 471.0,
    "throughput" : 11.299435028248588,
    "receivedKBytesPerSec" : 320.897334039548,
    "sentKBytesPerSec" : 1.5338100282485876
  },
  "ar-vr" : {
    "transaction" : "ar-vr",
    "sampleCount" : 20,
    "errorCount" : 0,
    "errorPct" : 0.0,
    "meanResTime" : 499.8999999999999,
    "medianResTime" : 439.5,
    "minResTime" : 330.0,
    "maxResTime" : 791.0,
    "pct1ResTime" : 742.1,
    "pct2ResTime" : 788.5999999999999,
    "pct3ResTime" : 791.0,
    "throughput" : 7.877116975187082,
    "receivedKBytesPerSec" : 291.59179302875145,
    "sentKBytesPerSec" : 1.0538720953131153
  },
  "Education" : {
    "transaction" : "Education",
    "sampleCount" : 20,
    "errorCount" : 0,
    "errorPct" : 0.0,
    "meanResTime" : 431.65,
    "medianResTime" : 439.0,
    "minResTime" : 326.0,
    "maxResTime" : 749.0,
    "pct1ResTime" : 492.50000000000006,
    "pct2ResTime" : 736.2499999999998,
    "pct3ResTime" : 749.0,
    "throughput" : 10.81081081081081,
    "receivedKBytesPerSec" : 306.7039695945946,
    "sentKBytesPerSec" : 1.4991554054054053
  },
  "e-commerce-solution" : {
    "transaction" : "e-commerce-solution",
    "sampleCount" : 20,
    "errorCount" : 0,
    "errorPct" : 0.0,
    "meanResTime" : 544.1,
    "medianResTime" : 462.5,
    "minResTime" : 328.0,
    "maxResTime" : 1237.0,
    "pct1ResTime" : 858.8000000000003,
    "pct2ResTime" : 1218.7999999999997,
    "pct3ResTime" : 1237.0,
    "throughput" : 5.829204313611192,
    "receivedKBytesPerSec" : 187.51935477994755,
    "sentKBytesPerSec" : 0.8595799329641504
  },
  "contact" : {
    "transaction" : "contact",
    "sampleCount" : 20,
    "errorCount" : 0,
    "errorPct" : 0.0,
    "meanResTime" : 376.75,
    "medianResTime" : 329.5,
    "minResTime" : 321.0,
    "maxResTime" : 608.0,
    "pct1ResTime" : 605.0,
    "pct2ResTime" : 607.9,
    "pct3ResTime" : 608.0,
    "throughput" : 2.160293799956794,
    "receivedKBytesPerSec" : 82.66921176279975,
    "sentKBytesPerSec" : 0.2763657107366602
  },
  "system-management-implementation" : {
    "transaction" : "system-management-implementation",
    "sampleCount" : 20,
    "errorCount" : 0,
    "errorPct" : 0.0,
    "meanResTime" : 536.65,
    "medianResTime" : 455.5,
    "minResTime" : 342.0,
    "maxResTime" : 974.0,
    "pct1ResTime" : 940.8000000000002,
    "pct2ResTime" : 972.75,
    "pct3ResTime" : 974.0,
    "throughput" : 5.077430820005078,
    "receivedKBytesPerSec" : 167.59488448844886,
    "sentKBytesPerSec" : 0.8131822797664382
  },
  "Softwareites" : {
    "transaction" : "Softwareites",
    "sampleCount" : 20,
    "errorCount" : 0,
    "errorPct" : 0.0,
    "meanResTime" : 399.4,
    "medianResTime" : 415.0,
    "minResTime" : 325.0,
    "maxResTime" : 475.0,
    "pct1ResTime" : 469.6,
    "pct2ResTime" : 474.75,
    "pct3ResTime" : 475.0,
    "throughput" : 11.273957158962796,
    "receivedKBytesPerSec" : 319.9976218996618,
    "sentKBytesPerSec" : 1.5964099492671928
  },
  "Agriculture" : {
    "transaction" : "Agriculture",
    "sampleCount" : 20,
    "errorCount" : 0,
    "errorPct" : 0.0,
    "meanResTime" : 483.90000000000003,
    "medianResTime" : 460.0,
    "minResTime" : 325.0,
    "maxResTime" : 1084.0,
    "pct1ResTime" : 786.7000000000006,
    "pct2ResTime" : 1070.4999999999998,
    "pct3ResTime" : 1084.0,
    "throughput" : 15.6128024980484,
    "receivedKBytesPerSec" : 444.5684523809524,
    "sentKBytesPerSec" : 2.1955503512880563
  },
  "Test-pupas" : {
    "transaction" : "Test-pupas",
    "sampleCount" : 20,
    "errorCount" : 0,
    "errorPct" : 0.0,
    "meanResTime" : 572.6999999999999,
    "medianResTime" : 455.5,
    "minResTime" : 329.0,
    "maxResTime" : 1134.0,
    "pct1ResTime" : 866.5000000000001,
    "pct2ResTime" : 1120.7999999999997,
    "pct3ResTime" : 1134.0,
    "throughput" : 9.229349330872173,
    "receivedKBytesPerSec" : 263.24375576834336,